{
  "__comment": "Instructions: https://blakesmods.com/docs/cucumber/tags-config",
  "forge:ingots/aluminum": "null",
  "forge:ingots/constantan": "null",
  "forge:ingots/tungsten": "null",
  "forge:ingots/mithril": "null",
  "forge:ingots/tin": "null",
  "forge:ingots/iridium": "null",
  "forge:ingots/zinc": "create:zinc_ingot",
  "forge:gems/sapphire": "iceandfire:sapphire_gem",
  "forge:ingots/bronze": "null",
  "forge:ingots/invar": "null",
  "forge:gems/ruby": "null",
  "forge:dusts/niter": "null",
  "forge:ingots/chrome": "null",
  "forge:ingots/electrum": "null",
  "forge:silicon": "null",
  "forge:gems/apatite": "null",
  "forge:ingots/brass": "create:brass_ingot",
  "forge:ingots/silver": "iceandfire:silver_ingot",
  "forge:dusts/saltpeter": "bloodmagic:saltpeter",
  "forge:ingots/steel": "null",
  "forge:ingots/titanium": "null",
  "forge:rubber": "null",
  "forge:ingots/platinum": "null",
  "forge:dusts/sulfur": "bloodmagic:sulfur",
  "forge:ingots/lead": "eidolon:lead_ingot",
  "forge:ingots/graphite": "null",
  "forge:gems/peridot": "null",
  "forge:ingots/uranium": "null",
  "forge:ingots/nickel": "null"
}